name,cylinders,displacement,horsepower,weight,acceleration,model_year,origin,brand,origin_str_Japan,origin_str_Japan,origin_str_Usa,origin_str_Usa,decade,origin_str_Japan,origin_str_Japan,origin_str_Usa,origin_str_Usa,mpg
chevrolet chevelle malibu,1.498191258034802,1.0906036979541753,0.6731176189353574,0.6308698741675457,-1.2954983442942447,-1.6274262921583198,usa,Chevrolet,False,False,True,True,1880,False,False,True,True,-0.7064387006509832
buick skylark 320,1.498191258034802,1.5035143043761157,1.5899581813455976,0.8543329711977775,-1.477037792582784,-1.6274262921583198,usa,Buick,False,False,True,True,1880,False,False,True,True,-1.0907506236404467
plymouth satellite,1.498191258034802,1.1962319926202531,1.1970265117412089,0.5504704530138115,-1.6585772408713235,-1.6274262921583198,usa,Plymouth,False,False,True,True,1880,False,False,True,True,-0.7064387006509832
amc rebel sst,1.498191258034802,1.0617959812270632,1.1970265117412089,0.5469234197276173,-1.2954983442942447,-1.6274262921583198,usa,Amc,False,False,True,True,1880,False,False,True,True,-0.9626466493106254
ford torino,1.498191258034802,1.0425908367423218,0.9350720653382832,0.5658409305873194,-1.8401166891598626,-1.6274262921583198,usa,Ford,False,False,True,True,1880,False,False,True,True,-0.8345426749808043
ford galaxie 500,1.498191258034802,2.2621175115234013,2.454407854475253,1.620492161015715,-2.0216561374484017,-1.6274262921583198,usa,Ford,False,False,True,True,1880,False,False,True,True,-1.0907506236404467
chevrolet impala,1.498191258034802,2.5021818175826693,3.0307076365616896,1.635862638589223,-2.3847350340254803,-1.6274262921583198,usa,Chevrolet,False,False,True,True,1880,False,False,True,True,-1.2188545979702674
plymouth fury iii,1.498191258034802,2.367745806189479,2.8997304133602264,1.586204172582505,-2.56627448231402,-1.6274262921583198,usa,Plymouth,False,False,True,True,1880,False,False,True,True,-1.2188545979702674
pontiac catalina,1.498191258034802,2.5117843898250403,3.1616848597631524,1.7198090930291514,-2.0216561374484017,-1.6274262921583198,usa,Pontiac,False,False,True,True,1880,False,False,True,True,-1.2188545979702674
amc ambassador dpl,1.498191258034802,1.8876171940709439,2.244844297352912,1.0399610465086049,-2.56627448231402,-1.6274262921583198,usa,Amc,False,False,True,True,1880,False,False,True,True,-1.0907506236404467
dodge challenger se,1.498191258034802,1.820399188374349,1.7209354045470606,0.7006281954626974,-2.0216561374484017,-1.6274262921583198,usa,Dodge,False,False,True,True,1880,False,False,True,True,-1.0907506236404467
plymouth 'cuda 340,1.498191258034802,1.4074885819524086,1.4589809581441346,0.7550160391843411,-2.747813930602559,-1.6274262921583198,usa,Plymouth,False,False,True,True,1880,False,False,True,True,-1.2188545979702674
chevrolet monte carlo,1.498191258034802,1.9836429164946505,1.1970265117412089,0.9347323923515117,-2.203195585736941,-1.6274262921583198,usa,Chevrolet,False,False,True,True,1880,False,False,True,True,-1.0907506236404467
buick estate wagon (sw),1.498191258034802,2.5117843898250403,3.1616848597631524,0.1366499029578265,-2.0216561374484017,-1.6274262921583198,usa,Buick,False,False,True,True,1880,False,False,True,True,-1.2188545979702674
toyota corona mark ii,-0.8563205709794179,-0.7722953170657414,-0.2437229434748829,-0.7075440191563825,-0.20626165456300877,-1.6274262921583198,japan,Toyota,True,True,False,False,1880,True,True,False,False,0.06218514532794324
plymouth duster,0.32093534352769215,0.043923323535768506,-0.2437229434748829,-0.16248323751121388,-0.02472220627446934,-1.6274262921583198,usa,Plymouth,False,False,True,True,1880,False,False,True,True,-0.1940228033316988
amc hornet,0.32093534352769215,0.05352589577813921,-0.1913320541942978,-0.2322415588063656,-0.02472220627446934,-1.6274262921583198,usa,Amc,False,False,True,True,1880,False,False,True,True,-0.7064387006509832
ford maverick,0.32093534352769215,0.06312846802050992,-0.5056773898778087,-0.4533399669791347,0.1568172420140699,-1.6274262921583198,usa,Ford,False,False,True,True,1880,False,False,True,True,-0.3221267776615199
datsun pl510,-0.8563205709794179,-0.9259364729436725,-0.427091055956931,-0.9936713709093778,-0.3878011028515481,-1.6274262921583198,japan,Datsun,True,True,False,False,1880,True,True,False,False,0.4464970683174065
volkswagen 1131 deluxe sedan,-0.8563205709794179,-0.9259364729436725,-1.527299730849219,-1.3424629773851366,1.7906722766109238,-1.6274262921583198,europe,Volkswagen,False,False,False,False,1880,False,False,False,False,0.3183930939875855
peugeot 504,-0.8563205709794179,-0.8011030337928535,-0.4532865005972236,-0.35284069053696687,0.7014355868796878,-1.6274262921583198,europe,Peugeot,False,False,False,False,1880,False,False,False,False,0.19028911965776435
audi 100 ls,-0.8563205709794179,-0.8299107505199655,-0.3747001666763458,-0.6389680422899622,-0.3878011028515481,-1.6274262921583198,europe,Audi,False,False,False,False,1880,False,False,False,False,0.06218514532794324
saab 99e,-0.8563205709794179,-0.8587184672470777,-0.2437229434748829,-0.7039969858701884,0.7014355868796878,-1.6274262921583198,europe,Saab,False,False,False,False,1880,False,False,False,False,0.19028911965776435
bmw 2002,-0.8563205709794179,-0.6954747391267757,0.2277950600503834,-0.8707075503213138,-1.1139588960057054,-1.6274262921583198,europe,Bmw,False,False,False,False,1880,False,False,False,False,0.3183930939875855
amc gremlin,0.32093534352769215,0.05352589577813921,-0.3747001666763458,-0.3812169568265202,-0.20626165456300877,-1.6274262921583198,usa,Amc,False,False,True,True,1880,False,False,True,True,-0.3221267776615199
ford f250,1.498191258034802,1.5995400267998225,2.8997304133602264,1.9444545344881143,-0.5693405511400874,-1.6274262921583198,usa,Ford,False,False,True,True,1880,False,False,True,True,-1.731270495289552
chevy c20,1.498191258034802,1.0906036979541753,2.506798743755838,1.6618742160213136,-0.20626165456300877,-1.6274262921583198,usa,Chevy,False,False,True,True,1880,False,False,True,True,-1.731270495289552
dodge d200,1.498191258034802,1.1962319926202531,2.768753190158764,1.6689682825937018,-0.7508799994286268,-1.6274262921583198,usa,Dodge,False,False,True,True,1880,False,False,True,True,-1.6031665209597306
hi 1200d,1.498191258034802,1.0617959812270632,2.32343063127379,2.082788832649687,1.0645144834567664,-1.6274262921583198,usa,Hi,False,False,True,True,1880,False,False,True,True,-1.859374469619373
datsun pl510,-0.8563205709794179,-0.9259364729436725,-0.427091055956931,-0.9936713709093778,-0.3878011028515481,-1.3566421515734488,japan,Datsun,True,True,False,False,1880,True,True,False,False,0.4464970683174065
chevrolet vega 2300,-0.8563205709794179,-0.5130258665217324,-0.3747001666763458,-0.8352372174593722,-0.02472220627446934,-1.3566421515734488,usa,Chevrolet,False,False,True,True,1880,False,False,True,True,0.5746010426472277
toyota corona,-0.8563205709794179,-0.7722953170657414,-0.2437229434748829,-0.8778016168937021,-0.5693405511400874,-1.3566421515734488,japan,Toyota,True,True,False,False,1880,True,True,False,False,0.19028911965776435
ford pinto,-0.8563205709794179,-0.9163339007013019,-0.2830161104353218,-1.0929883029228142,1.2460539317453057,-1.3566421515734488,usa,Ford,False,False,True,True,1880,False,False,True,True,0.19028911965776435
amc gremlin,0.32093534352769215,0.37041077977637243,-0.11274572027342,-0.3977697788287596,-0.932419447717166,-1.3566421515734488,usa,Amc,False,False,True,True,1880,False,False,True,True,-0.5783347263211621
plymouth satellite custom,0.32093534352769215,0.30319277407977746,0.0182315029280428,0.5540174863000056,-0.02472220627446934,-1.3566421515734488,usa,Plymouth,False,False,True,True,1880,False,False,True,True,-0.9626466493106254
chevrolet chevelle malibu,0.32093534352769215,0.5432570801390452,-0.11274572027342,0.4239595991395532,-0.02472220627446934,-1.3566421515734488,usa,Chevrolet,False,False,True,True,1880,False,False,True,True,-0.8345426749808043
ford torino 500,0.32093534352769215,0.5432570801390452,-0.427091055956931,0.3920362995638058,-0.02472220627446934,-1.3566421515734488,usa,Ford,False,False,True,True,1880,False,False,True,True,-0.5783347263211621
amc matador,0.32093534352769215,0.37041077977637243,-0.11274572027342,0.3754834775615664,-0.02472220627446934,-1.3566421515734488,usa,Amc,False,False,True,True,1880,False,False,True,True,-0.7064387006509832
chevrolet impala,1.498191258034802,1.5035143043761157,1.5899581813455976,1.464422696423172,-1.2954983442942447,-1.3566421515734488,usa,Chevrolet,False,False,True,True,1880,False,False,True,True,-1.2188545979702674
pontiac catalina brougham,1.498191258034802,1.9836429164946505,1.8519126277485236,1.7659205257496755,-1.477037792582784,-1.3566421515734488,usa,Pontiac,False,False,True,True,1880,False,False,True,True,-1.2188545979702674
ford galaxie 500,1.498191258034802,1.5131168766184864,1.2756128456620868,1.399393752842946,-0.7508799994286268,-1.3566421515734488,usa,Ford,False,False,True,True,1880,False,False,True,True,-1.2188545979702674
plymouth fury iii,1.498191258034802,1.1962319926202531,1.1970265117412089,1.3308177759765256,-0.932419447717166,-1.3566421515734488,usa,Plymouth,False,False,True,True,1880,False,False,True,True,-1.2188545979702674
dodge monaco (sw),1.498191258034802,1.820399188374349,1.9828898509499864,2.346451640256786,-1.477037792582784,-1.3566421515734488,usa,Dodge,False,False,True,True,1880,False,False,True,True,-1.4750625466299097
ford country squire (sw),1.498191258034802,1.9836429164946505,1.7209354045470606,2.0993416546519263,-1.2954983442942447,-1.3566421515734488,usa,Ford,False,False,True,True,1880,False,False,True,True,-1.3469585723000885
pontiac safari (sw),1.498191258034802,1.9836429164946505,1.8519126277485236,2.565185359572092,-1.2954983442942447,-1.3566421515734488,usa,Pontiac,False,False,True,True,1880,False,False,True,True,-1.3469585723000885
amc hornet sportabout (sw),0.32093534352769215,0.6200776580780109,0.1492087261295057,-0.009960806204865192,-0.7508799994286268,-1.3566421515734488,usa,Amc,False,False,True,True,1880,False,False,True,True,-0.7064387006509832
chevrolet vega (sw),-0.8563205709794179,-0.5130258665217324,-0.8462181702016123,-0.6649796197220527,1.2460539317453057,-1.3566421515734488,usa,Chevrolet,False,False,True,True,1880,False,False,True,True,-0.1940228033316988
pontiac firebird,0.32093534352769215,0.5432570801390452,-0.11274572027342,0.3683894109891781,-0.20626165456300877,-1.3566421515734488,usa,Pontiac,False,False,True,True,1880,False,False,True,True,-0.5783347263211621
ford mustang,0.32093534352769215,0.5432570801390452,-0.427091055956931,0.1993141576805899,-0.3878011028515481,-1.3566421515734488,usa,Ford,False,False,True,True,1880,False,False,True,True,-0.7064387006509832
mercury capri 2000,-0.8563205709794179,-0.685872166884405,-0.4794819452375162,-0.8872603723235531,-0.5693405511400874,-1.3566421515734488,usa,Mercury,False,False,True,True,1880,False,False,True,True,-0.06591882900187768
opel 1900,-0.8563205709794179,-0.7434876003386293,-0.3747001666763458,-1.0019477819104976,-0.5693405511400874,-1.3566421515734488,europe,Opel,False,False,False,False,1880,False,False,False,False,0.5746010426472277
peugeot 304,-0.8563205709794179,-1.0987827733063453,-0.8986090594821975,-1.0598826589183354,1.427593380033845,-1.3566421515734488,europe,Peugeot,False,False,False,False,1880,False,False,False,False,0.8308089913068697
fiat 124b,-0.8563205709794179,-1.0123596231250092,-0.741436391640442,-1.070523758776918,-0.3878011028515481,-1.3566421515734488,europe,Fiat,False,False,False,False,1880,False,False,False,False,0.8308089913068697
toyota corolla 1200,-0.8563205709794179,-1.175603351245311,-1.0295862826836604,-1.4157683319664824,1.2460539317453057,-1.3566421515734488,japan,Toyota,True,True,False,False,1880,True,True,False,False,0.9589129656366908
datsun 1200,-0.8563205709794179,-1.1660007790029403,-0.92480450412249,-1.604943440563504,0.8829750351682272,-1.3566421515734488,japan,Datsun,True,True,False,False,1880,True,True,False,False,1.4713288629559753
volkswagen model 111,-0.8563205709794179,-0.9259364729436725,-1.1605635058851234,-1.343645321813868,1.2460539317453057,-1.3566421515734488,europe,Volkswagen,False,False,False,False,1880,False,False,False,False,0.4464970683174065
plymouth cricket,-0.8563205709794179,-0.9835519063978969,-0.8986090594821975,-1.2005816459373704,1.7906722766109238,-1.3566421515734488,usa,Plymouth,False,False,True,True,1880,False,False,True,True,0.3183930939875855
toyota corona hardtop,-0.8563205709794179,-0.7722953170657414,-0.2437229434748829,-0.8186843954571328,-0.02472220627446934,-1.085858010988578,japan,Toyota,True,True,False,False,1880,True,True,False,False,0.06218514532794324
dodge colt hardtop,-0.8563205709794179,-0.9211351868224873,-0.6366546130792716,-0.9984007486243035,0.5198961385911485,-1.085858010988578,usa,Dodge,False,False,True,True,1880,False,False,True,True,0.19028911965776435
volkswagen type 3,-0.8563205709794179,-0.9259364729436725,-1.317736173726879,-0.847060661746686,2.87990896634216,-1.085858010988578,europe,Volkswagen,False,False,False,False,1880,False,False,False,False,-0.06591882900187768
chevrolet vega,-0.8563205709794179,-0.5130258665217324,-0.3747001666763458,-0.6649796197220527,1.427593380033845,-1.085858010988578,usa,Chevrolet,False,False,True,True,1880,False,False,True,True,-0.450230751991341
ford pinto runabout,-0.8563205709794179,-0.685872166884405,-0.4794819452375162,-0.8801663057511648,0.33835669030260923,-1.085858010988578,usa,Ford,False,False,True,True,1880,False,False,True,True,-0.3221267776615199
chevrolet impala,1.498191258034802,1.5035143043761157,1.5899581813455976,1.5412750842907124,-1.2954983442942447,-1.085858010988578,usa,Chevrolet,False,False,True,True,1880,False,False,True,True,-1.3469585723000885
pontiac catalina,1.498191258034802,1.9836429164946505,1.8519126277485236,1.672515315879896,-1.2954983442942447,-1.085858010988578,usa,Pontiac,False,False,True,True,1880,False,False,True,True,-1.2188545979702674
plymouth fury iii,1.498191258034802,1.1962319926202531,1.1970265117412089,1.3769292086970495,-0.7508799994286268,-1.085858010988578,usa,Plymouth,False,False,True,True,1880,False,False,True,True,-1.0907506236404467
ford galaxie 500,1.498191258034802,1.5131168766184864,1.2756128456620868,1.3698351421246613,-0.932419447717166,-1.085858010988578,usa,Ford,False,False,True,True,1880,False,False,True,True,-1.2188545979702674
amc ambassador sst,1.498191258034802,1.0617959812270632,1.1970265117412089,0.8295037381944184,-1.477037792582784,-1.085858010988578,usa,Amc,False,False,True,True,1880,False,False,True,True,-0.8345426749808043
mercury marquis,1.498191258034802,2.2621175115234013,2.7163623008781785,1.96573673420528,-1.6585772408713235,-1.085858010988578,usa,Mercury,False,False,True,True,1880,False,False,True,True,-1.6031665209597306
buick lesabre custom,1.498191258034802,1.5035143043761157,1.328003734942672,1.810849614041468,-0.7508799994286268,-1.085858010988578,usa,Buick,False,False,True,True,1880,False,False,True,True,-1.3469585723000885
oldsmobile delta 88 royale,1.498191258034802,1.5035143043761157,1.4589809581441346,1.7564617703198244,-0.7508799994286268,-1.085858010988578,usa,Oldsmobile,False,False,True,True,1880,False,False,True,True,-1.4750625466299097
chrysler newport royal,1.498191258034802,1.9836429164946505,2.244844297352912,1.7162620597429572,-1.1139588960057054,-1.085858010988578,usa,Chrysler,False,False,True,True,1880,False,False,True,True,-1.3469585723000885
mazda rx2 coupe,-1.4449485282329728,-1.1852059234876817,-0.1913320541942978,-0.7572024851631007,-0.7508799994286268,-1.085858010988578,japan,Mazda,True,True,False,False,1880,True,True,False,False,-0.5783347263211621
amc matador (sw),1.498191258034802,1.0617959812270632,1.1970265117412089,1.089619512515323,-1.1139588960057054,-1.085858010988578,usa,Amc,False,False,True,True,1880,False,False,True,True,-1.0907506236404467
chevrolet chevelle concours (sw),1.498191258034802,1.0906036979541753,0.6731176189353574,1.3331824648339885,-0.5693405511400874,-1.085858010988578,usa,Chevrolet,False,False,True,True,1880,False,False,True,True,-1.3469585723000885
ford gran torino (sw),1.498191258034802,1.0425908367423218,0.9350720653382832,1.5649219728653398,0.1568172420140699,-1.085858010988578,usa,Ford,False,False,True,True,1880,False,False,True,True,-1.3469585723000885
plymouth satellite custom (sw),1.498191258034802,1.1962319926202531,1.1970265117412089,1.3083532318306292,-0.5693405511400874,-1.085858010988578,usa,Plymouth,False,False,True,True,1880,False,False,True,True,-1.2188545979702674
volvo 145e (sw),-0.8563205709794179,-0.6954747391267757,0.2015996154100909,-0.044248794638075295,-0.3878011028515481,-1.085858010988578,europe,Volvo,False,False,False,False,1880,False,False,False,False,-0.7064387006509832
volkswagen 411 (sw),-0.8563205709794179,-0.6954747391267757,-0.741436391640442,-0.54319814356272,0.8829750351682272,-1.085858010988578,europe,Volkswagen,False,False,False,False,1880,False,False,False,False,-0.1940228033316988
peugeot 504 (sw),-0.8563205709794179,-0.7050773113691464,-0.4532865005972236,0.010139049083568307,1.427593380033845,-1.085858010988578,europe,Peugeot,False,False,False,False,1880,False,False,False,False,-0.3221267776615199
renault 12 (sw),-0.8563205709794179,-0.9355390451860434,-0.92480450412249,-0.923913049614226,0.8829750351682272,-1.085858010988578,europe,Renault,False,False,False,False,1880,False,False,False,False,0.3183930939875855
ford pinto (sw),-0.8563205709794179,-0.685872166884405,-0.4794819452375162,-0.6803500972955607,0.1568172420140699,-1.085858010988578,usa,Ford,False,False,True,True,1880,False,False,True,True,-0.1940228033316988
datsun 510 (sw),-0.8563205709794179,-0.9259364729436725,-0.3223092773957607,-0.8068609511698189,0.5198961385911485,-1.085858010988578,japan,Datsun,True,True,False,False,1880,True,True,False,False,0.5746010426472277
toyouta corona mark ii (sw),-0.8563205709794179,-0.7050773113691464,-0.1913320541942978,-0.5491098657063769,-0.3878011028515481,-1.085858010988578,japan,Toyouta,True,True,False,False,1880,True,True,False,False,-0.06591882900187768
dodge colt (sw),-0.8563205709794179,-0.9163339007013019,-0.6366546130792716,-0.9534716603325107,-0.20626165456300877,-1.085858010988578,usa,Dodge,False,False,True,True,1880,False,False,True,True,0.5746010426472277
toyota corolla 1600 (sw),-0.8563205709794179,-0.9259364729436725,-0.427091055956931,-1.0291417037713195,0.33835669030260923,-1.085858010988578,japan,Toyota,True,True,False,False,1880,True,True,False,False,0.4464970683174065
buick century 350,1.498191258034802,1.5035143043761157,1.8519126277485236,1.3355471536914512,-0.932419447717166,-0.815073870403707,usa,Buick,False,False,True,True,1890,False,False,True,True,-1.3469585723000885
amc matador,1.498191258034802,1.0617959812270632,1.1970265117412089,0.8295037381944184,-1.477037792582784,-0.815073870403707,usa,Amc,False,False,True,True,1890,False,False,True,True,-1.2188545979702674
chevrolet malibu,1.498191258034802,1.5035143043761157,1.066049288539746,1.203124577673536,-0.932419447717166,-0.815073870403707,usa,Chevrolet,False,False,True,True,1890,False,False,True,True,-1.3469585723000885
ford gran torino,1.498191258034802,1.0425908367423218,0.8564857314174054,1.266971176825031,-0.3878011028515481,-0.815073870403707,usa,Ford,False,False,True,True,1890,False,False,True,True,-1.2188545979702674
dodge coronet custom,1.498191258034802,1.1962319926202531,1.1970265117412089,0.9536499032112139,-1.1139588960057054,-0.815073870403707,usa,Dodge,False,False,True,True,1890,False,False,True,True,-1.0907506236404467
mercury marquis brougham,1.498191258034802,2.2621175115234013,2.454407854475253,2.3429046069705914,-1.477037792582784,-0.815073870403707,usa,Mercury,False,False,True,True,1890,False,False,True,True,-1.4750625466299097
chevrolet caprice classic,1.498191258034802,1.9836429164946505,1.1970265117412089,1.7659205257496755,-1.2954983442942447,-0.815073870403707,usa,Chevrolet,False,False,True,True,1890,False,False,True,True,-1.3469585723000885
ford ltd,1.498191258034802,1.5131168766184864,1.4065900688635495,1.6465037384478056,-0.932419447717166,-0.815073870403707,usa,Ford,False,False,True,True,1890,False,False,True,True,-1.3469585723000885
plymouth fury gran sedan,1.498191258034802,1.1962319926202531,1.1970265117412089,1.497528340427651,-0.3878011028515481,-0.815073870403707,usa,Plymouth,False,False,True,True,1890,False,False,True,True,-1.2188545979702674
chrysler new yorker brougham,1.498191258034802,2.367745806189479,2.8997304133602264,2.086335865935881,-1.6585772408713235,-0.815073870403707,usa,Chrysler,False,False,True,True,1890,False,False,True,True,-1.3469585723000885
buick electra 225 custom,1.498191258034802,2.5117843898250403,3.1616848597631524,2.34172226254186,-1.6585772408713235,-0.815073870403707,usa,Buick,False,False,True,True,1890,False,False,True,True,-1.4750625466299097
amc ambassador brougham,1.498191258034802,1.5995400267998225,1.8519126277485236,1.0056730580753948,-1.6585772408713235,-0.815073870403707,usa,Amc,False,False,True,True,1890,False,False,True,True,-1.3469585723000885
plymouth valiant,0.32093534352769215,0.30319277407977746,0.0182315029280428,0.17803195796342502,0.33835669030260923,-0.815073870403707,usa,Plymouth,False,False,True,True,1890,False,False,True,True,-0.7064387006509832
chevrolet nova custom,0.32093534352769215,0.5432570801390452,-0.11274572027342,0.3636600332742525,0.8829750351682272,-0.815073870403707,usa,Chevrolet,False,False,True,True,1890,False,False,True,True,-0.9626466493106254
amc hornet,0.32093534352769215,0.37041077977637243,-0.11274572027342,-0.030060661493298692,0.1568172420140699,-0.815073870403707,usa,Amc,False,False,True,True,1890,False,False,True,True,-0.7064387006509832
ford maverick,0.32093534352769215,0.5432570801390452,-0.427091055956931,0.0597975150902865,0.33835669030260923,-0.815073870403707,usa,Ford,False,False,True,True,1890,False,False,True,True,-0.7064387006509832
plymouth duster,0.32093534352769215,0.043923323535768506,-0.2437229434748829,-0.07853678307128549,0.1568172420140699,-0.815073870403707,usa,Plymouth,False,False,True,True,1890,False,False,True,True,-0.06591882900187768
volkswagen super beetle,-0.8563205709794179,-0.9259364729436725,-1.527299730849219,-1.2064933680810273,1.972211724899463,-0.815073870403707,europe,Volkswagen,False,False,False,False,1890,False,False,False,False,0.3183930939875855
chevrolet impala,1.498191258034802,1.9836429164946505,1.1970265117412089,2.396110106263504,-0.5693405511400874,-0.815073870403707,usa,Chevrolet,False,False,True,True,1890,False,False,True,True,-1.6031665209597306
ford country,1.498191258034802,1.9836429164946505,1.6423490706261827,2.288516763248948,-1.1139588960057054,-0.815073870403707,usa,Ford,False,False,True,True,1890,False,False,True,True,-1.4750625466299097
plymouth custom suburb,1.498191258034802,1.5995400267998225,1.7209354045470606,1.9905659672086389,-0.932419447717166,-0.815073870403707,usa,Plymouth,False,False,True,True,1890,False,False,True,True,-1.3469585723000885
oldsmobile vista cruiser,1.498191258034802,1.5035143043761157,1.9828898509499864,1.807302580755274,-1.1139588960057054,-0.815073870403707,usa,Oldsmobile,False,False,True,True,1890,False,False,True,True,-1.4750625466299097
amc gremlin,0.32093534352769215,0.37041077977637243,-0.11274572027342,-0.2145063923753948,-0.20626165456300877,-0.815073870403707,usa,Amc,False,False,True,True,1890,False,False,True,True,-0.7064387006509832
toyota carina,-0.8563205709794179,-0.9259364729436725,-0.427091055956931,-0.8175020510284013,1.2460539317453057,-0.815073870403707,japan,Toyota,True,True,False,False,1890,True,True,False,False,-0.450230751991341
chevrolet vega,-0.8563205709794179,-0.5130258665217324,-0.8462181702016123,-0.6732560307231724,1.427593380033845,-0.815073870403707,usa,Chevrolet,False,False,True,True,1890,False,False,True,True,-0.3221267776615199
datsun 610,-0.8563205709794179,-0.820308178277595,-0.2699183881151755,-0.6992676081552629,0.33835669030260923,-0.815073870403707,japan,Datsun,True,True,False,False,1890,True,True,False,False,-0.1940228033316988
maxda rx3,-1.4449485282329728,-1.1852059234876817,-0.3747001666763458,-1.0007654374817665,-0.7508799994286268,-0.815073870403707,japan,Maxda,True,True,False,False,1890,True,True,False,False,-0.7064387006509832
ford pinto,-0.8563205709794179,-0.685872166884405,-0.5056773898778087,-0.7808493737377284,1.0645144834567664,-0.815073870403707,usa,Ford,False,False,True,True,1890,False,False,True,True,-0.5783347263211621
mercury capri v6,0.32093534352769215,-0.3689872828861718,0.0706223922086279,-0.589309576283244,-0.5693405511400874,-0.815073870403707,usa,Mercury,False,False,True,True,1890,False,False,True,True,-0.3221267776615199
fiat 124 sport coupe,-0.8563205709794179,-0.9163339007013019,-0.3747001666763458,-0.8340548730306407,-0.02472220627446934,-0.815073870403707,europe,Fiat,False,False,False,False,1890,False,False,False,False,0.3183930939875855
chevrolet monte carlo s,1.498191258034802,1.5035143043761157,1.066049288539746,1.3142649539742863,-0.932419447717166,-0.815073870403707,usa,Chevrolet,False,False,True,True,1890,False,False,True,True,-1.0907506236404467
pontiac grand prix,1.498191258034802,1.9836429164946505,3.292662082964615,1.546004462005638,-2.203195585736941,-0.815073870403707,usa,Pontiac,False,False,True,True,1890,False,False,True,True,-0.9626466493106254
fiat 128,-0.8563205709794179,-1.2044110679724231,-1.4487133969283417,-1.3046279556657323,1.427593380033845,-0.815073870403707,europe,Fiat,False,False,False,False,1890,False,False,False,False,0.7027050169770487
opel manta,-0.8563205709794179,-0.7434876003386293,-0.7676318362807346,-0.960565726904899,-0.02472220627446934,-0.815073870403707,europe,Opel,False,False,False,False,1890,False,False,False,False,0.06218514532794324
audi 100ls,-0.8563205709794179,-0.7626927448233707,-0.3485047220360533,-0.4592516891227916,-0.5693405511400874,-0.815073870403707,europe,Audi,False,False,False,False,1890,False,False,False,False,-0.450230751991341
volvo 144ea,-0.8563205709794179,-0.6954747391267757,0.2015996154100909,-0.12110118250561538,-0.02472220627446934,-0.815073870403707,europe,Volvo,False,False,False,False,1890,False,False,False,False,-0.5783347263211621
dodge dart custom,1.498191258034802,1.1962319926202531,1.1970265117412089,0.5067237091507502,-1.6585772408713235,-0.815073870403707,usa,Dodge,False,False,True,True,1890,False,False,True,True,-1.0907506236404467
saab 99le,-0.8563205709794179,-0.6954747391267757,0.1492087261295057,-0.3670288236817435,-0.5693405511400874,-0.815073870403707,europe,Saab,False,False,False,False,1890,False,False,False,False,0.06218514532794324
toyota mark ii,0.32093534352769215,-0.35938471064380106,0.4635540618130166,-0.19322419265822988,-0.7508799994286268,-0.815073870403707,japan,Toyota,True,True,False,False,1890,True,True,False,False,-0.450230751991341
oldsmobile omega,1.498191258034802,1.5035143043761157,1.9828898509499864,0.8200449827645673,-1.6585772408713235,-0.815073870403707,usa,Oldsmobile,False,False,True,True,1890,False,False,True,True,-1.6031665209597306
plymouth duster,0.32093534352769215,0.043923323535768506,-0.2437229434748829,0.1555674138175287,0.33835669030260923,-0.5442897298188362,usa,Plymouth,False,False,True,True,1890,False,False,True,True,-0.450230751991341
ford maverick,0.32093534352769215,0.06312846802050992,-0.2830161104353218,-0.11282477150449569,0.5198961385911485,-0.5442897298188362,usa,Ford,False,False,True,True,1890,False,False,True,True,-0.3221267776615199
amc hornet,0.32093534352769215,0.37041077977637243,-0.11274572027342,-0.08208381635747969,0.1568172420140699,-0.5442897298188362,usa,Amc,False,False,True,True,1890,False,False,True,True,-0.5783347263211621
chevrolet nova,0.32093534352769215,0.5432570801390452,-0.11274572027342,0.4322360101406729,0.5198961385911485,-0.5442897298188362,usa,Chevrolet,False,False,True,True,1890,False,False,True,True,-1.0907506236404467
datsun b210,-0.8563205709794179,-1.0987827733063453,-0.9771953934030752,-1.2064933680810273,1.2460539317453057,-0.5442897298188362,japan,Datsun,True,True,False,False,1890,True,True,False,False,0.9589129656366908
ford pinto,-0.8563205709794179,-0.685872166884405,-0.6366546130792716,-0.6141388092866031,0.33835669030260923,-0.5442897298188362,usa,Ford,False,False,True,True,1890,False,False,True,True,0.3183930939875855
toyota corolla 1200,-0.8563205709794179,-1.175603351245311,-1.0295862826836604,-1.341280632956405,1.972211724899463,-0.5442897298188362,japan,Toyota,True,True,False,False,1890,True,True,False,False,1.0870169399665122
chevrolet vega,-0.8563205709794179,-0.5130258665217324,-0.7676318362807346,-0.506545466272047,0.5198961385911485,-0.5442897298188362,usa,Chevrolet,False,False,True,True,1890,False,False,True,True,0.19028911965776435
chevrolet chevelle malibu classic,0.32093534352769215,0.5432570801390452,-0.11274572027342,0.9583792809261393,0.5198961385911485,-0.5442897298188362,usa,Chevrolet,False,False,True,True,1890,False,False,True,True,-0.9626466493106254
amc matador,0.32093534352769215,0.6200776580780109,0.1492087261295057,0.7822099610451629,0.8829750351682272,-0.5442897298188362,usa,Amc,False,False,True,True,1890,False,False,True,True,-0.9626466493106254
plymouth satellite sebring,0.32093534352769215,0.30319277407977746,0.0182315029280428,0.7597454168992667,0.33835669030260923,-0.5442897298188362,usa,Plymouth,False,False,True,True,1890,False,False,True,True,-0.7064387006509832
ford gran torino,1.498191258034802,1.0425908367423218,0.9350720653382832,1.384023275269438,-0.5693405511400874,-0.5442897298188362,usa,Ford,False,False,True,True,1890,False,False,True,True,-0.9626466493106254
buick century luxus (sw),1.498191258034802,1.5035143043761157,1.1970265117412089,2.043771466501551,-0.3878011028515481,-0.5442897298188362,usa,Buick,False,False,True,True,1890,False,False,True,True,-1.3469585723000885
dodge coronet custom (sw),1.498191258034802,1.1962319926202531,1.1970265117412089,1.7576441147485558,-0.7508799994286268,-0.5442897298188362,usa,Dodge,False,False,True,True,1890,False,False,True,True,-1.2188545979702674
ford gran torino (sw),1.498191258034802,1.0425908367423218,0.9350720653382832,1.9716484563489365,0.1568172420140699,-0.5442897298188362,usa,Ford,False,False,True,True,1890,False,False,True,True,-1.2188545979702674
amc matador (sw),1.498191258034802,1.0617959812270632,1.1970265117412089,1.5211752290022786,-0.02472220627446934,-0.5442897298188362,usa,Amc,False,False,True,True,1890,False,False,True,True,-1.2188545979702674
audi fox,-0.8563205709794179,-0.9163339007013019,-0.558068279158394,-0.8884427167522845,0.33835669030260923,-0.5442897298188362,europe,Audi,False,False,False,False,1890,False,False,False,False,0.7027050169770487
volkswagen dasher,-0.8563205709794179,-1.0987827733063453,-0.9771953934030752,-1.1911228905075193,-0.02472220627446934,-0.5442897298188362,europe,Volkswagen,False,False,False,False,1890,False,False,False,False,0.3183930939875855
opel manta,-0.8563205709794179,-0.9259364729436725,-0.6890455023598568,-0.7926728180250423,-0.3878011028515481,-0.5442897298188362,europe,Opel,False,False,False,False,1890,False,False,False,False,0.3183930939875855
toyota corona,-0.8563205709794179,-1.1275904900334575,-1.370127063007464,-1.5623790411291745,0.33835669030260923,-0.5442897298188362,japan,Toyota,True,True,False,False,1890,True,True,False,False,0.9589129656366908
datsun 710,-0.8563205709794179,-1.0603724843368627,-1.1343680612448306,-1.143829113358264,1.2460539317453057,-0.5442897298188362,japan,Datsun,True,True,False,False,1890,True,True,False,False,1.0870169399665122
dodge colt,-0.8563205709794179,-0.9931544786402675,-0.7676318362807346,-0.9995830930530347,-0.3878011028515481,-0.5442897298188362,usa,Dodge,False,False,True,True,1890,False,False,True,True,0.5746010426472277
fiat 128,-0.8563205709794179,-0.9931544786402675,-0.7676318362807346,-1.0196829483414684,-0.02472220627446934,-0.5442897298188362,europe,Fiat,False,False,False,False,1890,False,False,False,False,0.06218514532794324
fiat 124 tc,-0.8563205709794179,-0.7434876003386293,-0.7676318362807346,-0.8565194171765371,-0.5693405511400874,-0.5442897298188362,europe,Fiat,False,False,False,False,1890,False,False,False,False,0.3183930939875855
honda civic,-0.8563205709794179,-0.7050773113691464,-0.1913320541942978,-0.5692097209948105,-0.20626165456300877,-0.5442897298188362,japan,Honda,True,True,False,False,1890,True,True,False,False,0.06218514532794324
subaru,-0.8563205709794179,-0.820308178277595,-0.2961138327554681,-0.6850794750104863,-0.02472220627446934,-0.5442897298188362,japan,Subaru,True,True,False,False,1890,True,True,False,False,0.3183930939875855
fiat x1.9,-0.8563205709794179,-1.0987827733063453,-0.9771953934030752,-1.147376146644458,0.1568172420140699,-0.5442897298188362,europe,Fiat,False,False,False,False,1890,False,False,False,False,0.9589129656366908
plymouth valiant custom,0.32093534352769215,0.30319277407977746,-0.2437229434748829,0.3471072112720131,0.1568172420140699,-0.27350558923396523,usa,Plymouth,False,False,True,True,1890,False,False,True,True,-0.5783347263211621
chevrolet nova,0.32093534352769215,0.5432570801390452,0.0182315029280428,0.5776643748746333,0.1568172420140699,-0.27350558923396523,usa,Chevrolet,False,False,True,True,1890,False,False,True,True,-0.7064387006509832
mercury monarch,0.32093534352769215,0.5432570801390452,-0.8462181702016123,0.5457410752988859,1.972211724899463,-0.27350558923396523,usa,Mercury,False,False,True,True,1890,False,False,True,True,-1.0907506236404467
ford maverick,0.32093534352769215,0.5432570801390452,-0.8462181702016123,0.22177870182648632,1.427593380033845,-0.27350558923396523,usa,Ford,False,False,True,True,1890,False,False,True,True,-1.0907506236404467
pontiac catalina,1.498191258034802,1.9836429164946505,1.7209354045470606,2.007118789210878,-1.477037792582784,-0.27350558923396523,usa,Pontiac,False,False,True,True,1890,False,False,True,True,-0.9626466493106254
chevrolet bel air,1.498191258034802,1.5035143043761157,1.066049288539746,1.7375442594601225,-0.5693405511400874,-0.27350558923396523,usa,Chevrolet,False,False,True,True,1890,False,False,True,True,-1.0907506236404467
plymouth grand fury,1.498191258034802,1.1962319926202531,1.1970265117412089,1.8061202363265425,-0.3878011028515481,-0.27350558923396523,usa,Plymouth,False,False,True,True,1890,False,False,True,True,-0.9626466493106254
ford ltd,1.498191258034802,1.5131168766184864,1.1446356224606238,1.9941130004948329,-0.7508799994286268,-0.27350558923396523,usa,Ford,False,False,True,True,1890,False,False,True,True,-1.2188545979702674
buick century,0.32093534352769215,0.3608082075340018,0.1492087261295057,1.1073546789462938,1.972211724899463,-0.27350558923396523,usa,Buick,False,False,True,True,1890,False,False,True,True,-0.8345426749808043
chevroelt chevelle malibu,0.32093534352769215,0.5432570801390452,0.0182315029280428,1.09553123465898,1.0645144834567664,-0.27350558923396523,usa,Chevroelt,False,False,True,True,1890,False,False,True,True,-0.9626466493106254
amc matador,0.32093534352769215,0.6200776580780109,0.1492087261295057,0.8980797150608387,1.2460539317453057,-0.27350558923396523,usa,Amc,False,False,True,True,1890,False,False,True,True,-1.0907506236404467
plymouth fury,0.32093534352769215,0.30319277407977746,-0.2437229434748829,0.9631086586410649,1.2460539317453057,-0.27350558923396523,usa,Plymouth,False,False,True,True,1890,False,False,True,True,-0.7064387006509832
buick skyhawk,0.32093534352769215,0.3608082075340018,0.1492087261295057,0.08107971480745141,-0.20626165456300877,-0.27350558923396523,usa,Buick,False,False,True,True,1890,False,False,True,True,-0.3221267776615199
chevrolet monza 2+2,1.498191258034802,0.6584879470474936,0.1492087261295057,0.2962664008365635,-0.7508799994286268,-0.27350558923396523,usa,Chevrolet,False,False,True,True,1890,False,False,True,True,-0.450230751991341
ford mustang ii,1.498191258034802,1.0425908367423218,0.6469221742950647,0.2347844905425315,-1.2954983442942447,-0.27350558923396523,usa,Ford,False,False,True,True,1890,False,False,True,True,-1.3469585723000885
toyota corolla,-0.8563205709794179,-0.9259364729436725,-0.7676318362807346,-0.9451952493313911,0.1568172420140699,-0.27350558923396523,japan,Toyota,True,True,False,False,1890,True,True,False,False,0.7027050169770487
ford pinto,-0.8563205709794179,-0.5130258665217324,-0.558068279158394,-0.3918580566851026,0.5198961385911485,-0.27350558923396523,usa,Ford,False,False,True,True,1890,False,False,True,True,-0.06591882900187768
amc gremlin,0.32093534352769215,0.37041077977637243,-0.11274572027342,-0.06671333878397169,0.1568172420140699,-0.27350558923396523,usa,Amc,False,False,True,True,1890,False,False,True,True,-0.450230751991341
pontiac astro,-0.8563205709794179,-0.5130258665217324,-0.6890455023598568,-0.4474282448354778,1.0645144834567664,-0.27350558923396523,usa,Pontiac,False,False,True,True,1890,False,False,True,True,-0.06591882900187768
toyota corona,-0.8563205709794179,-0.5706412999759566,-0.2175274988345903,-0.3173703576750254,-0.7508799994286268,-0.27350558923396523,japan,Toyota,True,True,False,False,1890,True,True,False,False,0.06218514532794324
volkswagen dasher,-0.8563205709794179,-0.9931544786402675,-0.8724136148419049,-0.8837133390373589,0.33835669030260923,-0.27350558923396523,europe,Volkswagen,False,False,False,False,1890,False,False,False,False,0.19028911965776435
datsun 710,-0.8563205709794179,-0.7146798836115171,-0.1913320541942978,-0.5029984329858529,0.5198961385911485,-0.27350558923396523,japan,Datsun,True,True,False,False,1890,True,True,False,False,0.06218514532794324
ford pinto,0.32093534352769215,-0.21534612700824052,-0.1913320541942978,0.01605077122722521,-0.3878011028515481,-0.27350558923396523,usa,Ford,False,False,True,True,1890,False,False,True,True,-0.7064387006509832
volkswagen rabbit,-0.8563205709794179,-0.9931544786402675,-0.8986090594821975,-1.2218638456545352,-0.5693405511400874,-0.27350558923396523,europe,Volkswagen,False,False,False,False,1890,False,False,False,False,0.7027050169770487
amc pacer,0.32093534352769215,0.37041077977637243,-0.3747001666763458,0.2844429565492497,0.5198961385911485,-0.27350558923396523,usa,Amc,False,False,True,True,1890,False,False,True,True,-0.5783347263211621
audi 100ls,-0.8563205709794179,-0.753090172581,-0.2437229434748829,-0.3268291131048764,-0.20626165456300877,-0.27350558923396523,europe,Audi,False,False,False,False,1890,False,False,False,False,-0.06591882900187768
peugeot 504,-0.8563205709794179,-0.7050773113691464,-0.427091055956931,-0.015872528348522093,0.5198961385911485,-0.27350558923396523,europe,Peugeot,False,False,False,False,1890,False,False,False,False,-0.06591882900187768
volvo 244dl,-0.8563205709794179,-0.6954747391267757,-0.1651366095540052,-0.030060661493298692,-0.3878011028515481,-0.27350558923396523,europe,Volvo,False,False,False,False,1890,False,False,False,False,-0.1940228033316988
saab 99le,-0.8563205709794179,-0.6954747391267757,0.2801859493309686,-0.3540230349656983,-0.7508799994286268,-0.27350558923396523,europe,Saab,False,False,False,False,1890,False,False,False,False,0.19028911965776435
honda civic cvcc,-0.8563205709794179,-0.9835519063978969,-1.3439316183671712,-1.389756754534392,0.7014355868796878,-0.27350558923396523,japan,Honda,True,True,False,False,1890,True,True,False,False,1.215120914296333
fiat 131,-0.8563205709794179,-0.8299107505199655,-0.4794819452375162,-0.5987683317130951,-0.02472220627446934,-0.0027214486490943586,europe,Fiat,False,False,False,False,1890,False,False,False,False,0.5746010426472277
opel 1900,-0.8563205709794179,-0.7434876003386293,-0.6104591684389791,-0.8872603723235531,0.4835882489334401,-0.0027214486490943586,europe,Opel,False,False,False,False,1890,False,False,False,False,0.19028911965776435
capri ii,-0.8563205709794179,-0.5130258665217324,-0.3223092773957607,-0.4710751334101055,-0.24256954422071647,-0.0027214486490943586,usa,Capri,False,False,True,True,1890,False,False,True,True,0.19028911965776435
dodge colt,-0.8563205709794179,-0.9163339007013019,-0.6628500577195643,-0.8458783173179546,0.7740513661951034,-0.0027214486490943586,usa,Dodge,False,False,True,True,1890,False,False,True,True,0.3183930939875855
renault 12tl,-0.8563205709794179,-0.8875261839741898,-0.558068279158394,-0.9085425720407181,-0.09733798558988487,-0.0027214486490943586,europe,Renault,False,False,False,False,1890,False,False,False,False,0.4464970683174065
chevrolet chevelle malibu classic,1.498191258034802,1.071398553469434,0.9350720653382832,1.4715167629955606,-0.932419447717166,-0.0027214486490943586,usa,Chevrolet,False,False,True,True,1890,False,False,True,True,-0.7704906878158938
dodge coronet brougham,1.498191258034802,1.1962319926202531,1.1970265117412089,1.441958152277276,-0.932419447717166,-0.0027214486490943586,usa,Dodge,False,False,True,True,1890,False,False,True,True,-0.9626466493106254
amc matador,1.498191258034802,1.0617959812270632,0.4111631725324315,1.17238362252652,-0.6056484407977951,-0.0027214486490943586,usa,Amc,False,False,True,True,1890,False,False,True,True,-1.0266986364755357
ford gran torino,1.498191258034802,1.5131168766184864,1.249417401021794,1.4715167629955606,-1.0050352270325815,-0.0027214486490943586,usa,Ford,False,False,True,True,1890,False,False,True,True,-1.1548026108053568
plymouth valiant,0.32093534352769215,0.30319277407977746,-0.11274572027342,0.3104545339813402,-0.06103009593217714,-0.0027214486490943586,usa,Plymouth,False,False,True,True,1890,False,False,True,True,-0.1940228033316988
chevrolet nova,0.32093534352769215,0.5432570801390452,0.0182315029280428,0.4523358654291064,-0.3878011028515481,-0.0027214486490943586,usa,Chevrolet,False,False,True,True,1890,False,False,True,True,-0.1940228033316988
ford maverick,0.32093534352769215,0.06312846802050992,-0.6104591684389791,0.049156415231704005,0.7377434765373961,-0.0027214486490943586,usa,Ford,False,False,True,True,1890,False,False,True,True,0.06218514532794324
amc hornet,0.32093534352769215,0.37041077977637243,-0.3747001666763458,0.1354675585290952,0.7377434765373961,-0.0027214486490943586,usa,Amc,False,False,True,True,1890,False,False,True,True,-0.12997081616678832
chevrolet chevette,-0.8563205709794179,-1.041167339852121,-1.370127063007464,-1.1059940916388595,2.4079064007919575,-0.0027214486490943586,usa,Chevrolet,False,False,True,True,1890,False,False,True,True,0.7027050169770487
chevrolet woody,-0.8563205709794179,-0.9163339007013019,-1.1605635058851234,-0.9534716603325107,2.3715985111342497,-0.0027214486490943586,usa,Chevrolet,False,False,True,True,1890,False,False,True,True,0.12623713249285384
vw rabbit,-0.8563205709794179,-0.9931544786402675,-0.8986090594821975,-1.2218638456545352,-0.49672477182467195,-0.0027214486490943586,europe,Vw,False,False,False,False,1890,False,False,False,False,0.7027050169770487
honda civic,-0.8563205709794179,-0.9835519063978969,-1.3439316183671712,-1.389756754534392,0.6651276972219794,-0.0027214486490943586,japan,Honda,True,True,False,False,1890,True,True,False,False,1.215120914296333
dodge aspen se,0.32093534352769215,0.30319277407977746,-0.11274572027342,0.8046745051910593,0.7740513661951034,-0.0027214486490943586,usa,Dodge,False,False,True,True,1890,False,False,True,True,-0.450230751991341
ford granada ghia,0.32093534352769215,0.5432570801390452,-0.6890455023598568,0.7136339841787426,1.972211724899463,-0.0027214486490943586,usa,Ford,False,False,True,True,1890,False,False,True,True,-0.7064387006509832
pontiac ventura sj,0.32093534352769215,0.5432570801390452,0.1492087261295057,0.797580438618671,0.22943302132948534,-0.0027214486490943586,usa,Pontiac,False,False,True,True,1890,False,False,True,True,-0.6423867134860727
amc pacer d/l,0.32093534352769215,0.6200776580780109,-0.2437229434748829,0.2631607568320848,0.8103592558528118,-0.0027214486490943586,usa,Amc,False,False,True,True,1890,False,False,True,True,-0.7704906878158938
volkswagen rabbit,-0.8563205709794179,-0.9259364729436725,-0.8724136148419049,-1.3542864216724504,-1.2228825649788293,-0.0027214486490943586,europe,Volkswagen,False,False,False,False,1890,False,False,False,False,0.7667570041419592
datsun b-210,-0.8563205709794179,-1.041167339852121,-0.8986090594821975,-1.1591995909317718,0.5198961385911485,-0.0027214486490943586,japan,Datsun,True,True,False,False,1890,True,True,False,False,1.0870169399665122
toyota corolla,-0.8563205709794179,-0.9259364729436725,-0.7676318362807346,-0.964112760191093,0.3020488006449008,-0.0027214486490943586,japan,Toyota,True,True,False,False,1890,True,True,False,False,0.5746010426472277
ford pinto,-0.8563205709794179,-0.5130258665217324,-0.8462181702016123,-0.4793515444112252,-0.714572109770919,-0.0027214486490943586,usa,Ford,False,False,True,True,1890,False,False,True,True,0.382445081152496
volvo 245,-0.8563205709794179,-0.6090515889454394,-0.0603548309928349,0.2123199463966352,0.047893573040945984,-0.0027214486490943586,europe,Volvo,False,False,False,False,1890,False,False,False,False,-0.450230751991341
plymouth volare premier v8,1.498191258034802,1.1962319926202531,1.1970265117412089,1.1463720450944297,-0.8598036684017507,-0.0027214486490943586,usa,Plymouth,False,False,True,True,1890,False,False,True,True,-1.3469585723000885
peugeot 504,-0.8563205709794179,-0.7050773113691464,-0.427091055956931,0.3542012778444014,2.2989827318188336,-0.0027214486490943586,europe,Peugeot,False,False,False,False,1890,False,False,False,False,-0.5783347263211621
toyota mark ii,0.32093534352769215,-0.35938471064380106,0.0968178368489205,-0.04779582792426949,-0.02472220627446934,-0.0027214486490943586,japan,Toyota,True,True,False,False,1890,True,True,False,False,-0.5783347263211621
mercedes-benz 280s,0.32093534352769215,-0.24415384373535262,0.4111631725324315,1.0044907136466632,0.4109724696180247,-0.0027214486490943586,europe,Mercedes-benz,False,False,False,False,1890,False,False,False,False,-0.8985946621457148
cadillac seville,1.498191258034802,1.5035143043761157,1.9828898509499864,1.6666035937362391,-1.259190454636537,-0.0027214486490943586,usa,Cadillac,False,False,True,True,1890,False,False,True,True,-0.8985946621457148
chevy c10,1.498191258034802,1.5035143043761157,1.066049288539746,1.2823416543985389,-1.2954983442942447,-0.0027214486490943586,usa,Chevy,False,False,True,True,1890,False,False,True,True,-1.3469585723000885
ford f108,1.498191258034802,1.0425908367423218,0.6731176189353574,1.0636079350832326,-0.20626165456300877,-0.0027214486490943586,usa,Ford,False,False,True,True,1890,False,False,True,True,-1.3469585723000885
dodge d100,1.498191258034802,1.1962319926202531,1.1970265117412089,0.9276383257791233,-0.5693405511400874,-0.0027214486490943586,usa,Dodge,False,False,True,True,1890,False,False,True,True,-1.3469585723000885
honda accord cvcc,-0.8563205709794179,-0.9163339007013019,-0.9509999487627826,-1.0941706473515456,1.0645144834567664,0.2680626919357765,japan,Honda,True,True,False,False,1900,True,True,False,False,1.0229649528016016
buick opel isuzu deluxe,-0.8563205709794179,-0.7915004615504828,-0.6366546130792716,-0.964112760191093,-0.2788774338784242,0.2680626919357765,usa,Buick,False,False,True,True,1900,False,False,True,True,0.8308089913068697
renault 5 gtl,-0.8563205709794179,-1.0987827733063453,-1.2129543951657085,-1.3542864216724504,1.1008223731144748,0.2680626919357765,europe,Renault,False,False,False,False,1900,False,False,False,False,1.5994328372857962
plymouth arrow gs,-0.8563205709794179,-0.685872166884405,-0.2175274988345903,-0.7926728180250423,-0.02472220627446934,0.2680626919357765,usa,Plymouth,False,False,True,True,1900,False,False,True,True,0.2543411068226749
datsun f-10 hatchback,-0.8563205709794179,-1.041167339852121,-0.8986090594821975,-1.212405090224684,0.44728035927573306,0.2680626919357765,japan,Datsun,True,True,False,False,1900,True,True,False,False,1.2791729014612436
chevrolet caprice classic,1.498191258034802,1.071398553469434,1.066049288539746,1.0754313793705463,-1.1139588960057054,0.2680626919357765,usa,Chevrolet,False,False,True,True,1900,False,False,True,True,-0.7704906878158938
oldsmobile cutlass supreme,1.498191258034802,0.6392828025627522,0.1492087261295057,1.2882533765421955,1.2460539317453057,0.2680626919357765,usa,Oldsmobile,False,False,True,True,1900,False,False,True,True,-0.8345426749808043
dodge monaco brougham,1.498191258034802,1.1962319926202531,1.066049288539746,1.3828409308407066,-0.6782642201132113,0.2680626919357765,usa,Dodge,False,False,True,True,1900,False,False,True,True,-1.0266986364755357
mercury cougar brougham,1.498191258034802,1.0425908367423218,0.6731176189353574,1.5661043172940714,-0.24256954422071647,0.2680626919357765,usa,Mercury,False,False,True,True,1900,False,False,True,True,-1.0907506236404467
chevrolet concours,0.32093534352769215,0.5432570801390452,0.1492087261295057,0.6497873850272479,0.3020488006449008,0.2680626919357765,usa,Chevrolet,False,False,True,True,1900,False,False,True,True,-0.7704906878158938
buick skylark,0.32093534352769215,0.3608082075340018,0.0182315029280428,0.5374646642977662,0.4835882489334401,0.2680626919357765,usa,Buick,False,False,True,True,1900,False,False,True,True,-0.38617876482643043
plymouth volare custom,0.32093534352769215,0.30319277407977746,-0.11274572027342,0.7798452721877002,0.7740513661951034,0.2680626919357765,usa,Plymouth,False,False,True,True,1900,False,False,True,True,-0.5783347263211621
ford granada,0.32093534352769215,0.5432570801390452,-0.1651366095540052,0.6556991071709047,1.2460539317453057,0.2680626919357765,usa,Ford,False,False,True,True,1900,False,False,True,True,-0.6423867134860727
pontiac grand prix lj,1.498191258034802,1.9836429164946505,1.9828898509499864,1.4774284851392174,-1.622269351213616,0.2680626919357765,usa,Pontiac,False,False,True,True,1900,False,False,True,True,-0.9626466493106254
chevrolet monte carlo landau,1.498191258034802,1.5035143043761157,1.7209354045470606,1.4123995415589912,-1.5133456822404918,0.2680626919357765,usa,Chevrolet,False,False,True,True,1900,False,False,True,True,-1.0266986364755357
chrysler cordoba,1.498191258034802,1.9836429164946505,2.244844297352912,1.6015746501560129,-1.2228825649788293,0.2680626919357765,usa,Chrysler,False,False,True,True,1900,False,False,True,True,-1.0266986364755357
ford thunderbird,1.498191258034802,1.5131168766184864,1.1708310671009163,1.6133980944433268,-0.3878011028515481,0.2680626919357765,usa,Ford,False,False,True,True,1900,False,False,True,True,-0.9626466493106254
volkswagen rabbit custom,-0.8563205709794179,-0.9259364729436725,-0.6890455023598568,-1.2183168123683412,-0.3878011028515481,0.2680626919357765,europe,Volkswagen,False,False,False,False,1900,False,False,False,False,0.7027050169770487
pontiac sunbird coupe,-0.8563205709794179,-0.40739757185565456,-0.427091055956931,-0.27244126938323276,0.1568172420140699,0.2680626919357765,usa,Pontiac,False,False,True,True,1900,False,False,True,True,0.12623713249285384
toyota corolla liftback,-0.8563205709794179,-0.9259364729436725,-0.7676318362807346,-0.8340548730306407,0.9555908144836425,0.2680626919357765,japan,Toyota,True,True,False,False,1900,True,True,False,False,0.3183930939875855
ford mustang ii 2+2,-0.8563205709794179,-0.5130258665217324,-0.4008956113166385,-0.254706102952262,0.08420146269865438,0.2680626919357765,usa,Ford,False,False,True,True,1900,False,False,True,True,0.2543411068226749
chevrolet chevette,-0.8563205709794179,-0.9163339007013019,-1.0819771719642457,-1.0870765807791574,0.5198961385911485,0.2680626919357765,usa,Chevrolet,False,False,True,True,1900,False,False,True,True,0.8948609784717803
dodge colt m/m,-0.8563205709794179,-0.9163339007013019,-0.558068279158394,-1.058700314489604,0.12050935235636209,0.2680626919357765,usa,Dodge,False,False,True,True,1900,False,False,True,True,1.2791729014612436
subaru dl,-0.8563205709794179,-0.9259364729436725,-0.9771953934030752,-1.1651113130754287,0.3020488006449008,0.2680626919357765,japan,Subaru,True,True,False,False,1900,True,True,False,False,0.8308089913068697
volkswagen dasher,-0.8563205709794179,-0.9259364729436725,-0.6890455023598568,-0.9227307051854947,-0.5330326614823797,0.2680626919357765,europe,Volkswagen,False,False,False,False,1900,False,False,False,False,0.8948609784717803
datsun 810,0.32093534352769215,-0.45541043306750806,-0.1913320541942978,-0.1837654372283788,-0.3878011028515481,0.2680626919357765,japan,Datsun,True,True,False,False,1900,True,True,False,False,-0.1940228033316988
bmw 320i,-0.8563205709794179,-0.6954747391267757,0.1492087261295057,-0.4379694894056267,-1.0050352270325815,0.2680626919357765,europe,Bmw,False,False,False,False,1900,False,False,False,False,-0.2580747904966094
mazda rx-4,-1.4449485282329728,-1.0891802010639746,0.1492087261295057,-0.2960881579578605,-0.7508799994286268,0.2680626919357765,japan,Mazda,True,True,False,False,1900,True,True,False,False,-0.2580747904966094
volkswagen rabbit custom diesel,-0.8563205709794179,-0.9931544786402675,-1.4749088415686342,-1.1651113130754287,2.153751173188003,0.5388468325206475,europe,Volkswagen,False,False,False,False,1900,False,False,False,False,2.5089710550275264
ford fiesta,-0.8563205709794179,-0.9163339007013019,-1.0033908380433678,-1.383845032390735,-0.4241089925092558,0.5388468325206475,usa,Ford,False,False,True,True,1900,False,False,True,True,1.6122432347187787
mazda glc deluxe,-0.8563205709794179,-1.108385345548716,-1.370127063007464,-1.1651113130754287,1.3912854903761367,0.5388468325206475,japan,Mazda,True,True,False,False,1900,True,True,False,False,1.1895001194303687
datsun b210 gx,-0.8563205709794179,-1.041167339852121,-0.8986090594821975,-1.064612036633261,1.1008223731144748,0.5388468325206475,japan,Datsun,True,True,False,False,1900,True,True,False,False,2.0349863500071885
honda civic cvcc,-0.8563205709794179,-0.9835519063978969,-1.1605635058851234,-1.383845032390735,0.3020488006449008,0.5388468325206475,japan,Honda,True,True,False,False,1900,True,True,False,False,1.6122432347187787
oldsmobile cutlass salon brougham,1.498191258034802,0.6392828025627522,0.1492087261295057,0.4665239985738831,-0.02472220627446934,0.5388468325206475,usa,Oldsmobile,False,False,True,True,1900,False,False,True,True,-0.4630411494243233
dodge diplomat,1.498191258034802,1.1962319926202531,0.9350720653382832,0.9039914372044957,-0.8598036684017507,0.5388468325206475,usa,Dodge,False,False,True,True,1900,False,False,True,True,-0.527093136589234
mercury monarch ghia,1.498191258034802,1.0425908367423218,0.9088766206979906,0.708904606463817,-1.0050352270325815,0.5388468325206475,usa,Mercury,False,False,True,True,1900,False,False,True,True,-0.4246099571253768
pontiac phoenix lj,0.32093534352769215,0.3608082075340018,0.0182315029280428,0.6675225514582186,1.3186697110607213,0.5388468325206475,usa,Pontiac,False,False,True,True,1900,False,False,True,True,-0.5527139314551981
chevrolet malibu,0.32093534352769215,0.06312846802050992,-0.2437229434748829,0.2182316685402921,0.9555908144836425,0.5388468325206475,usa,Chevrolet,False,False,True,True,1900,False,False,True,True,-0.38617876482643043
ford fairmont (auto),0.32093534352769215,0.06312846802050992,-0.5056773898778087,-0.006413772918670993,0.08420146269865438,0.5388468325206475,usa,Ford,False,False,True,True,1900,False,False,True,True,-0.4246099571253768
ford fairmont (man),-0.8563205709794179,-0.5130258665217324,-0.427091055956931,-0.2960881579578605,-0.06103009593217714,0.5388468325206475,usa,Ford,False,False,True,True,1900,False,False,True,True,0.20309951709074664
plymouth volare,0.32093534352769215,0.30319277407977746,-0.11274572027342,0.5433763864414232,0.592511917906564,0.5388468325206475,usa,Plymouth,False,False,True,True,1900,False,False,True,True,-0.38617876482643043
amc concord,0.32093534352769215,0.37041077977637243,-0.3747001666763458,0.2832606121205183,0.592511917906564,0.5388468325206475,usa,Amc,False,False,True,True,1900,False,False,True,True,-0.527093136589234
buick century special,0.32093534352769215,0.3608082075340018,0.0182315029280428,0.4842591650048539,0.08420146269865438,0.5388468325206475,usa,Buick,False,False,True,True,1900,False,False,True,True,-0.3733683673934481
mercury zephyr,0.32093534352769215,0.06312846802050992,-0.5056773898778087,0.11773239209812442,0.4109724696180247,0.5388468325206475,usa,Mercury,False,False,True,True,1900,False,False,True,True,-0.347747572527484
dodge aspen,0.32093534352769215,0.30319277407977746,0.1492087261295057,0.7680218279003863,1.137130262772182,0.5388468325206475,usa,Dodge,False,False,True,True,1900,False,False,True,True,-0.6295763160530904
amc concord d/l,0.32093534352769215,0.6200776580780109,0.4111631725324315,0.5197294978667955,-0.16995376490530095,0.5388468325206475,usa,Amc,False,False,True,True,1900,False,False,True,True,-0.693628303218001
chevrolet monte carlo landau,1.498191258034802,1.071398553469434,1.066049288539746,0.5374646642977662,-0.8598036684017507,0.5388468325206475,usa,Chevrolet,False,False,True,True,1900,False,False,True,True,-0.5527139314551981
buick regal sport coupe (turbo),0.32093534352769215,0.3608082075340018,1.5899581813455976,0.5611115528723939,-0.7871878890863345,0.5388468325206475,usa,Buick,False,False,True,True,1900,False,False,True,True,-0.7448698929499297
ford futura,1.498191258034802,1.0425908367423218,0.9088766206979906,0.2773488899768614,-1.5859614615559081,0.5388468325206475,usa,Ford,False,False,True,True,1900,False,False,True,True,-0.693628303218001
dodge magnum xe,1.498191258034802,1.1962319926202531,0.9350720653382832,1.3119002651168234,-0.6782642201132113,0.5388468325206475,usa,Dodge,False,False,True,True,1900,False,False,True,True,-0.7704906878158938
chevrolet chevette,-0.8563205709794179,-0.9163339007013019,-0.9509999487627826,-0.964112760191093,0.33835669030260923,0.5388468325206475,usa,Chevrolet,False,False,True,True,1900,False,False,True,True,0.8308089913068697
toyota corona,-0.8563205709794179,-0.5706412999759566,-0.2437229434748829,-0.4852632665548821,-0.49672477182467195,0.5388468325206475,japan,Toyota,True,True,False,False,1900,True,True,False,False,0.5105490554823171
datsun 510,-0.8563205709794179,-0.7146798836115171,-0.1913320541942978,-0.7926728180250423,-0.3151853235361326,0.5388468325206475,japan,Datsun,True,True,False,False,1900,True,True,False,False,0.4721178631833707
dodge omni,-0.8563205709794179,-0.849115895004707,-0.7676318362807346,-0.8754369280362393,-0.3878011028515481,0.5388468325206475,usa,Dodge,False,False,True,True,1900,False,False,True,True,0.9461025682037084
toyota celica gt liftback,-0.8563205709794179,-0.5706412999759566,-0.2437229434748829,-0.5384687658477945,-0.2788774338784242,0.5388468325206475,japan,Toyota,True,True,False,False,1900,True,True,False,False,-0.30931638022853764
plymouth sapporo,-0.8563205709794179,-0.35938471064380106,0.0182315029280428,-0.2665295472395758,0.4109724696180247,0.5388468325206475,usa,Plymouth,False,False,True,True,1900,False,False,True,True,-0.040298034135913575
oldsmobile starfire sx,-0.8563205709794179,-0.40739757185565456,-0.5056773898778087,-0.1364716600791234,0.7377434765373961,0.5388468325206475,usa,Oldsmobile,False,False,True,True,1900,False,False,True,True,0.03656435046197914
datsun 200-sx,-0.8563205709794179,-0.7146798836115171,-0.1913320541942978,-0.6685266530082469,-0.24256954422071647,0.5388468325206475,japan,Datsun,True,True,False,False,1900,True,True,False,False,0.049374747894960935
audi 5000,-0.26769261372586284,-0.5994490167030687,-0.0341593863525423,-0.16603027079740798,0.12050935235636209,0.5388468325206475,europe,Audi,False,False,False,False,1900,False,False,False,False,-0.4117995596923945
volvo 264gl,0.32093534352769215,-0.29216670494720615,0.5421403957338944,0.20049650210932132,-0.714572109770919,0.5388468325206475,europe,Volvo,False,False,False,False,1900,False,False,False,False,-0.8345426749808043
saab 99gle,-0.8563205709794179,-0.6954747391267757,0.2801859493309686,-0.20741232580300648,0.047893573040945984,0.5388468325206475,europe,Saab,False,False,False,False,1900,False,False,False,False,-0.2452643930636271
peugeot 604sl,0.32093534352769215,-0.29216670494720615,0.751703952856235,0.5197294978667955,0.08420146269865438,0.5388468325206475,europe,Peugeot,False,False,False,False,1900,False,False,False,False,-0.9370258544446612
volkswagen scirocco,-0.8563205709794179,-1.0027570508826384,-0.8724136148419049,-1.1591995909317718,-0.24256954422071647,0.5388468325206475,europe,Volkswagen,False,False,False,False,1900,False,False,False,False,1.0229649528016016
honda accord lx,-0.8563205709794179,-0.9163339007013019,-0.9509999487627826,-0.9877596487657209,0.37466457996031755,0.5388468325206475,japan,Honda,True,True,False,False,1900,True,True,False,False,0.7667570041419592
pontiac lemans v6,0.32093534352769215,0.3608082075340018,0.2801859493309686,0.32464266712611684,-0.06103009593217714,0.8096309731055182,usa,Pontiac,False,False,True,True,1900,False,False,True,True,-0.2580747904966094
mercury zephyr 6,0.32093534352769215,0.06312846802050992,-0.5056773898778087,0.02314483779961351,0.9555908144836425,0.8096309731055182,usa,Mercury,False,False,True,True,1900,False,False,True,True,-0.47585154685730513
ford fairmont 4,-0.8563205709794179,-0.5130258665217324,-0.427091055956931,-0.09508960507352489,0.6288198075642724,0.8096309731055182,usa,Ford,False,False,True,True,1900,False,False,True,True,-0.1555916110327524
amc concord dl 6,0.32093534352769215,0.37041077977637243,-0.3747001666763458,0.3482895557007445,0.9555908144836425,0.8096309731055182,usa,Amc,False,False,True,True,1900,False,False,True,True,-0.4246099571253768
dodge aspen 6,0.32093534352769215,0.30319277407977746,0.1492087261295057,0.4606122764302261,0.37466457996031755,0.8096309731055182,usa,Dodge,False,False,True,True,1900,False,False,True,True,-0.3733683673934481
chevrolet caprice classic,1.498191258034802,1.071398553469434,0.6731176189353574,1.028137602221291,-0.06103009593217714,0.8096309731055182,usa,Chevrolet,False,False,True,True,1900,False,False,True,True,-0.8345426749808043
ford ltd landau,1.498191258034802,1.0425908367423218,0.6469221742950647,0.8921679929171819,-0.7871878890863345,0.8096309731055182,usa,Ford,False,False,True,True,1900,False,False,True,True,-0.7576802903829115
mercury grand marquis,1.498191258034802,1.5131168766184864,0.8826811760576979,1.1641072115254003,-0.8598036684017507,0.8096309731055182,usa,Mercury,False,False,True,True,1900,False,False,True,True,-0.8985946621457148
dodge st. regis,1.498191258034802,1.1962319926202531,0.8040948421368203,1.0163141579339772,-0.13364587524759325,0.8096309731055182,usa,Dodge,False,False,True,True,1900,False,False,True,True,-0.6808179057850191
buick estate wagon (sw),1.498191258034802,1.5035143043761157,1.328003734942672,1.6429567051616114,-0.24256954422071647,0.8096309731055182,usa,Buick,False,False,True,True,1900,False,False,True,True,-0.8473530724137865
ford country squire (sw),1.498191258034802,1.5131168766184864,0.9874629546188682,1.2811593099698075,-0.4604168821669635,0.8096309731055182,usa,Ford,False,False,True,True,1900,False,False,True,True,-1.0266986364755357
chevrolet malibu classic (sw),1.498191258034802,0.7065008082593471,0.5421403957338944,0.7502866614694156,-0.20626165456300877,0.8096309731055182,usa,Chevrolet,False,False,True,True,1900,False,False,True,True,-0.5527139314551981
chrysler lebaron town @ country (sw),1.498191258034802,1.5995400267998225,1.1970265117412089,1.1463720450944297,-0.932419447717166,0.8096309731055182,usa,Chrysler,False,False,True,True,1900,False,False,True,True,-0.6423867134860727
vw rabbit custom,-0.8563205709794179,-1.0027570508826384,-0.8724136148419049,-1.2360519787993118,-0.5693405511400874,0.8096309731055182,europe,Vw,False,False,False,False,1900,False,False,False,False,1.0742065425335299
maxda glc deluxe,-0.8563205709794179,-1.0315647676097506,-1.0295862826836604,-1.176934757362743,-0.13364587524759325,0.8096309731055182,japan,Maxda,True,True,False,False,1900,True,True,False,False,1.3560352860591367
dodge colt hatchback custom,-0.8563205709794179,-0.9163339007013019,-0.6366546130792716,-1.2478754230866258,-0.4241089925092558,0.8096309731055182,usa,Dodge,False,False,True,True,1900,False,False,True,True,1.5610016449868505
amc spirit dl,-0.8563205709794179,-0.6954747391267757,-0.6366546130792716,-0.3552053793944297,-0.20626165456300877,0.8096309731055182,usa,Amc,False,False,True,True,1900,False,False,True,True,0.4977386580493348
mercedes benz 300d,-0.26769261372586284,-0.10011526009979202,-0.7152409470001494,0.6616108293145617,1.6454407179800932,0.8096309731055182,europe,Mercedes,False,False,False,False,1900,False,False,False,False,0.24153070938969254
cadillac eldorado,1.498191258034802,1.5035143043761157,0.5421403957338944,1.099078267945174,0.6651276972219794,0.8096309731055182,usa,Cadillac,False,False,True,True,1900,False,False,True,True,-0.06591882900187768
peugeot 504,-0.8563205709794179,-0.5034232942793617,-0.8724136148419049,0.25961372354589063,3.3519115318923625,0.8096309731055182,europe,Peugeot,False,False,False,False,1900,False,False,False,False,0.4721178631833707
oldsmobile cutlass salon brougham,1.498191258034802,0.6392828025627522,-0.3747001666763458,0.5315529421541093,2.4079064007919575,0.8096309731055182,usa,Oldsmobile,False,False,True,True,1900,False,False,True,True,0.049374747894960935
plymouth horizon,-0.8563205709794179,-0.849115895004707,-0.8986090594821975,-0.9109072608981809,-0.8598036684017507,0.8096309731055182,usa,Plymouth,False,False,True,True,1900,False,False,True,True,1.3688456834921185
plymouth horizon tc3,-0.8563205709794179,-0.849115895004707,-0.8986090594821975,-0.9700244823347501,-0.24256954422071647,0.8096309731055182,usa,Plymouth,False,False,True,True,1900,False,False,True,True,1.4072768757910645
datsun 210,-0.8563205709794179,-1.041167339852121,-1.0295862826836604,-1.1237292580698304,1.3186697110607213,0.8096309731055182,japan,Datsun,True,True,False,False,1900,True,True,False,False,1.061396145100548
fiat strada custom,-0.8563205709794179,-0.9835519063978969,-0.92480450412249,-0.9936713709093778,-0.3151853235361326,0.8096309731055182,europe,Fiat,False,False,False,False,1900,False,False,False,False,1.7659680039145633
buick skylark limited,-0.8563205709794179,-0.40739757185565456,-0.3747001666763458,-0.3552053793944297,0.1568172420140699,0.8096309731055182,usa,Buick,False,False,True,True,1900,False,False,True,True,0.6258426323791558
chevrolet citation,0.32093534352769215,-0.19614098252349904,0.2801859493309686,-0.4438812115492836,-1.5496535718981996,0.8096309731055182,usa,Chevrolet,False,False,True,True,1900,False,False,True,True,0.6770842221110845
oldsmobile omega brougham,0.32093534352769215,-0.19614098252349904,0.2801859493309686,-0.3197350465324882,-0.9687273373748738,0.8096309731055182,usa,Oldsmobile,False,False,True,True,1900,False,False,True,True,0.4208762734514424
pontiac phoenix,-0.8563205709794179,-0.40739757185565456,-0.3747001666763458,-0.4899926442698076,-0.8598036684017507,0.8096309731055182,usa,Pontiac,False,False,True,True,1900,False,False,True,True,1.2791729014612436
vw rabbit,-0.8563205709794179,-0.9163339007013019,-0.741436391640442,-0.9771185489071385,-0.3151853235361326,1.0804151136903892,europe,Vw,False,False,False,False,1910,False,False,False,False,2.3040046960998124
toyota corolla tercel,-0.8563205709794179,-1.0027570508826384,-1.1605635058851234,-1.1852111683638624,1.1734381524298902,1.0804151136903892,japan,Toyota,True,True,False,False,1910,True,True,False,False,1.8684511833784205
chevrolet chevette,-0.8563205709794179,-0.9163339007013019,-0.8986090594821975,-1.0054948151966918,-0.02472220627446934,1.0804151136903892,usa,Chevrolet,False,False,True,True,1910,False,False,True,True,1.0998273373994945
datsun 310,-0.8563205709794179,-1.0315647676097506,-1.0295862826836604,-1.1249116024985617,0.3020488006449008,1.0804151136903892,japan,Datsun,True,True,False,False,1910,True,True,False,False,1.753157606481582
chevrolet citation,-0.8563205709794179,-0.40739757185565456,-0.3747001666763458,-0.3457466239645786,0.33835669030260923,1.0804151136903892,usa,Chevrolet,False,False,True,True,1910,False,False,True,True,0.5746010426472277
ford fairmont,-0.8563205709794179,-0.5130258665217324,-0.427091055956931,-0.11873649364815259,0.9192829248259357,1.0804151136903892,usa,Ford,False,False,True,True,1910,False,False,True,True,0.3696346837195137
amc concord,-0.8563205709794179,-0.40739757185565456,-0.3747001666763458,0.03851531537312151,1.6454407179800932,1.0804151136903892,usa,Amc,False,False,True,True,1910,False,False,True,True,0.10061633762688964
dodge aspen,0.32093534352769215,0.30319277407977746,-0.3747001666763458,0.4854415094335852,1.137130262772182,1.0804151136903892,usa,Dodge,False,False,True,True,1910,False,False,True,True,-0.5655243288881798
audi 4000,-0.8563205709794179,-0.9259364729436725,-0.6890455023598568,-0.9250953940429575,0.08420146269865438,1.0804151136903892,europe,Audi,False,False,False,False,1910,False,False,False,False,1.3816560809251002
toyota corona liftback,-0.8563205709794179,-0.5706412999759566,-0.3747001666763458,-0.3067292578164429,-0.02472220627446934,1.0804151136903892,japan,Toyota,True,True,False,False,1910,True,True,False,False,0.8051881964409057
mazda 626,-0.8563205709794179,-0.7050773113691464,-0.7676318362807346,-0.506545466272047,0.7014355868796878,1.0804151136903892,japan,Mazda,True,True,False,False,1910,True,True,False,False,0.9973441579356372
datsun 510 hatchback,-0.8563205709794179,-0.7146798836115171,-0.3223092773957607,-0.6342386645750366,-0.20626165456300877,1.0804151136903892,japan,Datsun,True,True,False,False,1910,True,True,False,False,1.7275368116156173
toyota corolla,-0.8563205709794179,-0.820308178277595,-0.7676318362807346,-0.8340548730306407,-0.13364587524759325,1.0804151136903892,japan,Toyota,True,True,False,False,1910,True,True,False,False,1.1126377348324765
mazda glc,-0.8563205709794179,-1.0315647676097506,-1.0295862826836604,-1.0173182594840056,0.8466671455105188,1.0804151136903892,japan,Mazda,True,True,False,False,1910,True,True,False,False,2.9573349651819005
dodge colt,-0.8563205709794179,-0.35938471064380106,0.0182315029280428,-0.20150060365934958,-0.4241089925092558,1.0804151136903892,usa,Dodge,False,False,True,True,1910,False,False,True,True,0.5617906452142454
datsun 210,-0.8563205709794179,-1.041167339852121,-1.0295862826836604,-1.0173182594840056,1.3186697110607213,1.0804151136903892,japan,Datsun,True,True,False,False,1910,True,True,False,False,2.2143319140689375
vw rabbit c (diesel),-0.8563205709794179,-0.9931544786402675,-1.4749088415686342,-1.04687687020229,2.226366952503418,1.0804151136903892,europe,Vw,False,False,False,False,1910,False,False,False,False,2.662695824223311
vw dasher (diesel),-0.8563205709794179,-0.9931544786402675,-1.4749088415686342,-0.7512907630194439,2.952524745657575,1.0804151136903892,europe,Vw,False,False,False,False,1910,False,False,False,False,2.5474022473264726
audi 5000s (diesel),-0.26769261372586284,-0.6954747391267757,-0.9771953934030752,-0.024148939349641792,1.5728249386646762,1.0804151136903892,europe,Audi,False,False,False,False,1910,False,False,False,False,1.6506744270177247
mercedes-benz 240d,-0.8563205709794179,-0.45541043306750806,-0.9771953934030752,0.3305543892697737,2.2626748421611262,1.0804151136903892,europe,Mercedes-benz,False,False,False,False,1910,False,False,False,False,0.8308089913068697
honda civic 1500 gl,-0.8563205709794179,-0.9835519063978969,-0.9771953934030752,-1.3247278109541658,-0.6419563304555029,1.0804151136903892,japan,Honda,True,True,False,False,1910,True,True,False,False,2.701127016522258
renault lecar deluxe,-0.8563205709794179,-1.041167339852121,-0.2830161104353218,-1.3424629773851366,0.6288198075642724,1.0804151136903892,europe,Renault,False,False,False,False,1910,False,False,False,False,2.2271423115019195
subaru dl,-0.8563205709794179,-0.9259364729436725,-0.9771953934030752,-0.9759362044784071,0.8829750351682272,1.0804151136903892,japan,Subaru,True,True,False,False,1910,True,True,False,False,1.3176040937601896
vokswagen rabbit,-0.8563205709794179,-1.0027570508826384,-1.108172616604538,-1.330639533097823,-0.09733798558988487,1.0804151136903892,europe,Vokswagen,False,False,False,False,1910,False,False,False,False,0.8051881964409057
datsun 280-zx,0.32093534352769215,-0.24415384373535262,0.7255085082159425,-0.07144271649889719,-1.5133456822404918,1.0804151136903892,japan,Datsun,True,True,False,False,1910,True,True,False,False,1.176689721997387
mazda rx-7 gs,-1.4449485282329728,-1.1852059234876817,-0.11274572027342,-0.650791486577276,-1.1139588960057054,1.0804151136903892,japan,Mazda,True,True,False,False,1910,True,True,False,False,0.02375395302899683
triumph tr7 coupe,-0.8563205709794179,-0.685872166884405,-0.427091055956931,-0.5562039322787652,-0.16995376490530095,1.0804151136903892,europe,Triumph,False,False,False,False,1910,False,False,False,False,1.4713288629559753
ford mustang cobra,-0.8563205709794179,-0.5130258665217324,-0.2830161104353218,-0.07735443864255409,-0.4604168821669635,1.0804151136903892,usa,Ford,False,False,True,True,1910,False,False,True,True,0.010943555596015031
honda accord,-0.8563205709794179,-0.8299107505199655,-0.8462181702016123,-0.8044962623123562,0.5198961385911485,1.0804151136903892,japan,Honda,True,True,False,False,1910,True,True,False,False,1.1382585296984402
plymouth reliant,-0.8563205709794179,-0.5610387277335859,-0.5318728345181013,-0.568027376566079,0.047893573040945984,1.35119925427526,usa,Plymouth,False,False,True,True,1910,False,False,True,True,0.4721178631833707
buick skylark,-0.8563205709794179,-0.40739757185565456,-0.5318728345181013,-0.3965874344000282,0.3020488006449008,1.35119925427526,usa,Buick,False,False,True,True,1910,False,False,True,True,0.3952554785854783
dodge aries wagon (sw),-0.8563205709794179,-0.35938471064380106,-0.3223092773957607,-0.414322600830999,-0.4241089925092558,1.35119925427526,usa,Dodge,False,False,True,True,1910,False,False,True,True,0.2927722991216214
chevrolet citation,0.32093534352769215,-0.19614098252349904,0.1492087261295057,-0.2901764358142035,-1.0776510063479976,1.35119925427526,usa,Chevrolet,False,False,True,True,1910,False,False,True,True,-0.0018668418369671715
plymouth reliant,-0.8563205709794179,-0.5610387277335859,-0.5318728345181013,-0.6921735415828746,-0.9687273373748738,1.35119925427526,usa,Plymouth,False,False,True,True,1910,False,False,True,True,0.8308089913068697
toyota starlet,-0.8563205709794179,-1.0987827733063453,-1.2129543951657085,-1.4370505316836475,0.4835882489334401,1.35119925427526,japan,Toyota,True,True,False,False,1910,True,True,False,False,1.9965551577082419
plymouth champ,-0.8563205709794179,-1.0315647676097506,-1.055781727323953,-1.2951692002358812,0.3020488006449008,1.35119925427526,usa,Plymouth,False,False,True,True,1910,False,False,True,True,1.9837447602752598
honda civic 1300,-0.8563205709794179,-1.079577628821604,-1.1605635058851234,-1.4311388095399904,0.19312513167177822,1.35119925427526,japan,Honda,True,True,False,False,1910,True,True,False,False,1.4841392603889576
subaru,-0.8563205709794179,-0.9259364729436725,-0.9771953934030752,-1.070523758776918,0.8103592558528118,1.35119925427526,japan,Subaru,True,True,False,False,1910,True,True,False,False,1.125448132265458
datsun 210 mpg,-0.8563205709794179,-1.041167339852121,-1.0295862826836604,-1.176934757362743,1.3912854903761367,1.35119925427526,japan,Datsun,True,True,False,False,1910,True,True,False,False,1.7275368116156173
toyota tercel,-0.8563205709794179,-1.0027570508826384,-1.108172616604538,-1.0882589252078887,0.6288198075642724,1.35119925427526,japan,Toyota,True,True,False,False,1910,True,True,False,False,1.8172095936464927
mazda glc 4,-0.8563205709794179,-0.9835519063978969,-0.9509999487627826,-1.1651113130754287,0.1568172420140699,1.35119925427526,japan,Mazda,True,True,False,False,1910,True,True,False,False,1.3560352860591367
plymouth horizon 4,-0.8563205709794179,-0.849115895004707,-1.0819771719642457,-0.89317209446721,-0.24256954422071647,1.35119925427526,usa,Plymouth,False,False,True,True,1910,False,False,True,True,1.4328976706570293
ford escort 4w,-0.8563205709794179,-0.9163339007013019,-1.0295862826836604,-1.0941706473515456,0.22943302132948534,1.35119925427526,usa,Ford,False,False,True,True,1910,False,False,True,True,1.3944664783580825
ford escort 2h,-0.8563205709794179,-0.9163339007013019,-1.0295862826836604,-0.6980852637265315,1.8632880559263394,1.35119925427526,usa,Ford,False,False,True,True,1910,False,False,True,True,0.8179985938738874
volkswagen jetta,-0.8563205709794179,-0.849115895004707,-0.7938272809210272,-0.9227307051854947,-0.49672477182467195,1.35119925427526,europe,Volkswagen,False,False,False,False,1910,False,False,False,False,1.215120914296333
renault 18i,-0.8563205709794179,-0.8971287562165605,-0.2830161104353218,-0.7690259294504146,0.08420146269865438,1.35119925427526,europe,Renault,False,False,False,False,1910,False,False,False,False,1.4072768757910645
honda prelude,-0.8563205709794179,-0.8299107505199655,-0.7676318362807346,-0.899083816610867,-0.4241089925092558,1.35119925427526,japan,Honda,True,True,False,False,1910,True,True,False,False,1.3047936963272082
toyota corolla,-0.8563205709794179,-0.820308178277595,-0.7676318362807346,-0.733555596588473,0.44728035927573306,1.35119925427526,japan,Toyota,True,True,False,False,1910,True,True,False,False,1.1382585296984402
datsun 200sx,-0.8563205709794179,-0.7146798836115171,-0.11274572027342,-0.4202343229746559,-0.2788774338784242,1.35119925427526,japan,Datsun,True,True,False,False,1910,True,True,False,False,1.2023105168633508
mazda 626,-0.8563205709794179,-0.7050773113691464,-0.7938272809210272,-0.3965874344000282,0.9918987041413511,1.35119925427526,japan,Mazda,True,True,False,False,1910,True,True,False,False,1.035775350234584
peugeot 505s turbo diesel,-0.8563205709794179,-0.5034232942793617,-0.6366546130792716,0.306907500695146,1.7543643869532155,1.35119925427526,europe,Peugeot,False,False,False,False,1910,False,False,False,False,0.5874114400802098
volvo diesel,0.32093534352769215,-0.46501300530987877,-0.741436391640442,0.224143390683949,1.4639012696915534,1.35119925427526,europe,Volvo,False,False,False,False,1910,False,False,False,False,0.9204817733377444
toyota cressida,0.32093534352769215,-0.24415384373535262,0.3063813939712612,-0.08326616078621109,-1.0776510063479976,1.35119925427526,japan,Toyota,True,True,False,False,1910,True,True,False,False,0.24153070938969254
datsun 810 maxima,0.32093534352769215,-0.45541043306750806,0.4111631725324315,-0.04779582792426949,-0.6419563304555029,1.35119925427526,japan,Datsun,True,True,False,False,1910,True,True,False,False,0.08780594019390735
buick century,0.32093534352769215,0.3608082075340018,0.1492087261295057,0.5256412200104523,0.08420146269865438,1.35119925427526,usa,Buick,False,False,True,True,1910,False,False,True,True,-0.1427812135997706
oldsmobile cutlass ls,1.498191258034802,1.5035143043761157,0.0182315029280428,0.8921679929171819,1.2460539317453057,1.35119925427526,usa,Oldsmobile,False,False,True,True,1910,False,False,True,True,0.3952554785854783
ford granada gl,0.32093534352769215,0.06312846802050992,-0.427091055956931,0.1059089478108105,0.5562040282488568,1.35119925427526,usa,Ford,False,False,True,True,1910,False,False,True,True,-0.4246099571253768
chrysler lebaron salon,0.32093534352769215,0.30319277407977746,-0.5056773898778087,0.5847584414470216,0.37466457996031755,1.35119925427526,usa,Chrysler,False,False,True,True,1910,False,False,True,True,-0.7576802903829115
chevrolet cavalier,-0.8563205709794179,-0.7818978893081121,-0.427091055956931,-0.4320577672619697,1.4639012696915534,1.6219833948601308,usa,Chevrolet,False,False,True,True,1910,False,False,True,True,0.5746010426472277
chevrolet cavalier wagon,-0.8563205709794179,-0.7818978893081121,-0.427091055956931,-0.39067571225637127,1.1008223731144748,1.6219833948601308,usa,Chevrolet,False,False,True,True,1910,False,False,True,True,0.4464970683174065
chevrolet cavalier 2-door,-0.8563205709794179,-0.7818978893081121,-0.427091055956931,-0.6803500972955607,0.8829750351682272,1.6219833948601308,usa,Chevrolet,False,False,True,True,1910,False,False,True,True,1.3432248886261542
pontiac j2000 se hatchback,-0.8563205709794179,-0.7818978893081121,-0.5056773898778087,-0.46752810012391127,0.22943302132948534,1.6219833948601308,usa,Pontiac,False,False,True,True,1910,False,False,True,True,0.9589129656366908
dodge aries se,-0.8563205709794179,-0.5610387277335859,-0.5318728345181013,-0.5266453215604806,0.1568172420140699,1.6219833948601308,usa,Dodge,False,False,True,True,1910,False,False,True,True,0.7027050169770487
pontiac phoenix,-0.8563205709794179,-0.40739757185565456,-0.3747001666763458,-0.2783529915268897,0.8829750351682272,1.6219833948601308,usa,Pontiac,False,False,True,True,1910,False,False,True,True,0.4464970683174065
ford fairmont futura,-0.8563205709794179,-0.5130258665217324,-0.3223092773957607,-0.12464821579180958,0.3020488006449008,1.6219833948601308,usa,Ford,False,False,True,True,1910,False,False,True,True,0.06218514532794324
amc concord dl,-0.8563205709794179,-0.40739757185565456,-0.2830161104353218,0.07635033709252591,1.7906722766109238,1.6219833948601308,usa,Amc,False,False,True,True,1910,False,False,True,True,-0.06591882900187768
volkswagen rabbit l,-0.8563205709794179,-0.849115895004707,-0.7938272809210272,-1.1710230352190858,-0.09733798558988487,1.6219833948601308,europe,Volkswagen,False,False,False,False,1910,False,False,False,False,1.5994328372857962
mazda glc custom l,-0.8563205709794179,-0.9835519063978969,-0.9509999487627826,-1.1178175359261733,0.9555908144836425,1.6219833948601308,japan,Mazda,True,True,False,False,1910,True,True,False,False,1.7275368116156173
mazda glc custom,-0.8563205709794179,-0.9835519063978969,-0.9509999487627826,-1.1828464795063995,0.7377434765373961,1.6219833948601308,japan,Mazda,True,True,False,False,1910,True,True,False,False,0.9589129656366908
plymouth horizon miser,-0.8563205709794179,-0.849115895004707,-1.0819771719642457,-0.9995830930530347,-0.3151853235361326,1.6219833948601308,usa,Plymouth,False,False,True,True,1910,False,False,True,True,1.8556407859454387
mercury lynx l,-0.8563205709794179,-0.9163339007013019,-0.8986090594821975,-0.9995830930530347,0.6288198075642724,1.6219833948601308,usa,Mercury,False,False,True,True,1910,False,False,True,True,1.5994328372857962
nissan stanza xe,-0.8563205709794179,-0.7050773113691464,-0.427091055956931,-0.9582010380474363,-0.3878011028515481,1.6219833948601308,japan,Nissan,True,True,False,False,1910,True,True,False,False,1.5994328372857962
honda accord,-0.8563205709794179,-0.8299107505199655,-0.7676318362807346,-0.9049955387545239,-0.3878011028515481,1.6219833948601308,japan,Honda,True,True,False,False,1910,True,True,False,False,1.5994328372857962
toyota corolla,-0.8563205709794179,-0.820308178277595,-0.8986090594821975,-0.8577017616052685,0.4835882489334401,1.6219833948601308,japan,Toyota,True,True,False,False,1910,True,True,False,False,1.3432248886261542
honda civic,-0.8563205709794179,-0.9835519063978969,-0.9771953934030752,-1.1887582016500564,-0.20626165456300877,1.6219833948601308,japan,Honda,True,True,False,False,1910,True,True,False,False,1.8556407859454387
honda civic (auto),-0.8563205709794179,-0.9835519063978969,-0.9771953934030752,-1.1887582016500564,0.047893573040945984,1.6219833948601308,japan,Honda,True,True,False,False,1910,True,True,False,False,1.0870169399665122
datsun 310 gx,-0.8563205709794179,-0.9835519063978969,-0.9771953934030752,-1.153287868788115,0.22943302132948534,1.6219833948601308,japan,Datsun,True,True,False,False,1910,True,True,False,False,1.8556407859454387
buick century limited,0.32093534352769215,-0.11932040458453341,0.1492087261295057,-0.030060661493298692,0.3020488006449008,1.6219833948601308,usa,Buick,False,False,True,True,1910,False,False,True,True,0.19028911965776435
oldsmobile cutlass ciera (diesel),0.32093534352769215,0.6584879470474936,-0.5056773898778087,0.0527034485178982,0.5198961385911485,1.6219833948601308,usa,Oldsmobile,False,False,True,True,1910,False,False,True,True,1.8556407859454387
chrysler lebaron medallion,-0.8563205709794179,-0.35938471064380106,-0.3223092773957607,-0.45570465583659747,-0.3878011028515481,1.6219833948601308,usa,Chrysler,False,False,True,True,1910,False,False,True,True,0.3183930939875855
ford granada l,0.32093534352769215,0.37041077977637243,0.2015996154100909,-0.16011854865375108,-0.3151853235361326,1.6219833948601308,usa,Ford,False,False,True,True,1910,False,False,True,True,-0.1940228033316988
toyota celica gt,-0.8563205709794179,-0.47461557755224953,-0.2175274988345903,-0.36111710153808657,-0.6056484407977951,1.6219833948601308,japan,Toyota,True,True,False,False,1910,True,True,False,False,1.0870169399665122
dodge charger 2.2,-0.8563205709794179,-0.5610387277335859,-0.5318728345181013,-0.7099087080138453,-0.932419447717166,1.6219833948601308,usa,Dodge,False,False,True,True,1910,False,False,True,True,1.5994328372857962
chevrolet camaro,-0.8563205709794179,-0.40739757185565456,-0.3747001666763458,-0.024148939349641792,0.6288198075642724,1.6219833948601308,usa,Chevrolet,False,False,True,True,1910,False,False,True,True,0.4464970683174065
ford mustang gl,-0.8563205709794179,-0.5130258665217324,-0.4794819452375162,-0.2133240479466635,0.011585683383238269,1.6219833948601308,usa,Ford,False,False,True,True,1910,False,False,True,True,0.4464970683174065
vw pickup,-0.8563205709794179,-0.9259364729436725,-1.370127063007464,-0.9936713709093778,3.2792957525769473,1.6219833948601308,europe,Vw,False,False,False,False,1910,False,False,False,False,2.624264631924365
dodge rampage,-0.8563205709794179,-0.5610387277335859,-0.5318728345181013,-0.7985845401686992,-1.4407299029250762,1.6219833948601308,usa,Dodge,False,False,True,True,1910,False,False,True,True,1.0870169399665122
ford ranger,-0.8563205709794179,-0.7050773113691464,-0.6628500577195643,-0.408410878687342,1.1008223731144748,1.6219833948601308,usa,Ford,False,False,True,True,1910,False,False,True,True,0.5746010426472277
chevy s-10,-0.8563205709794179,-0.7146798836115171,-0.5842637237986865,-0.2960881579578605,1.3912854903761367,1.6219833948601308,usa,Chevy,False,False,True,True,1910,False,False,True,True,0.9589129656366908
